title,creator,brief_description,project_url,source_site,image_url,license,license_status,license_url,free,urp,shader_graph,unity_versions,category,tags,notes
URP Shaders Collection,TinyPlay,"Collection of URP shaders and shader graphs: cartoon water, toon, force field, bubble, plasma, vertical fog, diamond.",https://github.com/TinyPlay/URPShadersCollection,github.com,https://raw.githubusercontent.com/TinyPlay/URPShadersCollection/main/Preview.jpg,MIT,verified_open,https://github.com/TinyPlay/URPShadersCollection/blob/main/LICENSE,yes,yes,mixed,,Collection,water;toon;force-field;vfx;fog;stylized,Water foam needs Depth Texture enabled in URP asset; README does not state Unity version
Energy Shield Hologram,Daniel Ilett,"Single modular Shader Graph for a sci-fi shield with edge glow, object intersection, scanlines and ripple hits.",https://github.com/daniel-ilett/shaders-stylised-shield,github.com,https://raw.githubusercontent.com/daniel-ilett/shaders-stylised-shield/main/banner.jpg,MIT,verified_open,https://github.com/daniel-ilett/shaders-stylised-shield/blob/main/LICENSE,yes,yes,yes,2021.3,Force Field,shield;hologram;force-field;intersection;vfx,Also includes some VFX Graph effects
Stylised Water (URP),Daniel Ilett,"Stylised URP water Shader Graph with depth colour, refraction, foam and normal displacement.",https://github.com/daniel-ilett/water-urp,github.com,https://raw.githubusercontent.com/daniel-ilett/water-urp/master/banner.jpg,MIT,verified_open,https://github.com/daniel-ilett/water-urp/blob/master/LICENSE,yes,yes,yes,2019.3,Water,water;stylized;foam;refraction;depth,Old project (Unity 2019.3 era); needs Depth/Opaque Texture
Dissolve Effect (URP),Daniel Ilett,"Shader Graph dissolve with glowing edge, adapted from Brackeys tutorial.",https://github.com/daniel-ilett/dissolve-urp,github.com,https://raw.githubusercontent.com/daniel-ilett/dissolve-urp/master/banner.jpg,MIT,verified_open,https://github.com/daniel-ilett/dissolve-urp/blob/master/LICENSE,yes,yes,yes,2019.3,Dissolve,dissolve;edge-glow;shader-graph,Old project (2019.3); tutorial-sized
Cel Shading (URP Shader Graph),Daniel Ilett,"Cel-shading Shader Graph with banded lighting, specular and rim.",https://github.com/daniel-ilett/cel-shading-urp,github.com,https://raw.githubusercontent.com/daniel-ilett/cel-shading-urp/master/banner.jpg,MIT,verified_open,https://github.com/daniel-ilett/cel-shading-urp/blob/master/LICENSE,yes,yes,yes,2019.3,Toon,cel-shading;toon;rim-light,Introductory tutorial project; old Unity version
Dither Transparency (URP),Daniel Ilett,Efficient dithered transparency in Shader Graph for fading occluding objects.,https://github.com/daniel-ilett/dither-transparency-urp,github.com,https://raw.githubusercontent.com/daniel-ilett/dither-transparency-urp/master/banner.jpg,MIT,verified_open,https://github.com/daniel-ilett/dither-transparency-urp/blob/master/LICENSE,yes,yes,yes,2019.3,Transparency,dither;transparency;fade;shader-graph,Superseded by shaders-dither-transparency (2022.3)
Holographic Foil Card,Daniel Ilett,Holographic foil trading-card effect (Pokemon TCG Pocket style) in Shader Graph.,https://github.com/daniel-ilett/shaders-holo-card,github.com,https://raw.githubusercontent.com/daniel-ilett/shaders-holo-card/main/banner.png,MIT,verified_open,https://github.com/daniel-ilett/shaders-holo-card/blob/main/LICENSE,yes,yes,yes,Unity 6.0,Stylized Material,holographic;foil;card;iridescent,
Fullscreen Outline Post Process,Daniel Ilett,Thin outline post-process via Shader Graph fullscreen pass (depth/normal edge detection).,https://github.com/daniel-ilett/shaders-fullscreen-outlines,github.com,https://raw.githubusercontent.com/daniel-ilett/shaders-fullscreen-outlines/main/banner.jpg,MIT,verified_open,https://github.com/daniel-ilett/shaders-fullscreen-outlines/blob/main/LICENSE,yes,yes,yes,2022.2,Outline,outline;post-processing;fullscreen;edge-detection,Needs Unity 2022.2+ Fullscreen Shader Graph target
Halftone Shader,Daniel Ilett,Comic-style halftone shading in Shader Graph.,https://github.com/daniel-ilett/shaders-halftone,github.com,https://raw.githubusercontent.com/daniel-ilett/shaders-halftone/main/banner.png,MIT,verified_open,https://github.com/daniel-ilett/shaders-halftone/blob/main/LICENSE,yes,yes,yes,2021.3,Stylized Material,halftone;comic;stylized;screen-space,
BotW Remote Bomb,Daniel Ilett,Zelda BotW-style bomb glow and effects using Shader Graph and VFX Graph.,https://github.com/daniel-ilett/shaders-botw-bomb,github.com,https://raw.githubusercontent.com/daniel-ilett/shaders-botw-bomb/main/banner.jpg,MIT,verified_open,https://github.com/daniel-ilett/shaders-botw-bomb/blob/main/LICENSE,yes,yes,yes,2020.3,Stylized Material,emissive;vfx-graph;game-recreation,
Decals & Stickers (Shader Graph),Daniel Ilett,Shader Graph decal/sticker projection for URP.,https://github.com/daniel-ilett/decals-urp,github.com,https://raw.githubusercontent.com/daniel-ilett/decals-urp/main/banner.jpg,MIT,verified_open,https://github.com/daniel-ilett/decals-urp/blob/main/LICENSE,yes,yes,yes,2020.3,Decal,decal;projection;depth;shader-graph,Pre-dates URP's built-in Decal Renderer Feature
2D Sprite Outlines,Daniel Ilett,Sprite outline shader built in Shader Graph.,https://github.com/daniel-ilett/2d-outlines-urp,github.com,https://raw.githubusercontent.com/daniel-ilett/2d-outlines-urp/master/banner.jpg,MIT,verified_open,https://github.com/daniel-ilett/2d-outlines-urp/blob/master/LICENSE,yes,yes,yes,2019.3,Outline,outline;2d;sprite;shader-graph,Old project (2019.3)
URP-PSX,Kodrin,"PS1-style retro look for URP: vertex snapping, affine texturing, dithering, pixelation via Shader Graph.",https://github.com/Kodrin/URP-PSX,github.com,https://raw.githubusercontent.com/Kodrin/URP-PSX/master/Media/01.gif,MIT,verified_open,https://github.com/Kodrin/URP-PSX/blob/master/LICENSE,yes,yes,yes,2019.3.7,Retro / Pixelation,psx;retro;pixelation;dither;vertex-snap,Old; forks update it (see URP-PSX-FORKED)
URP-PSX Fork (URP 14),Math-Man,Updated fork of URP-PSX for Unity 2022.3/URP 14.,https://github.com/Math-Man/URP-PSX-FORKED,github.com,https://raw.githubusercontent.com/Math-Man/URP-PSX-FORKED/master/Media/poly1.gif,MIT,verified_open,https://github.com/Math-Man/URP-PSX-FORKED/blob/master/LICENSE,yes,yes,yes,2022.3,Retro / Pixelation,psx;retro;pixelation;crt,Fork; separate branch for URP 11
HPSX URP Shader Graph Tools,Ruben Tipparach,"Shader Graph + post-process PSX tools: dithering, resolution scaling, vertex jitter, palette pixelation.",https://github.com/RubenTipparach/HPSXURP-Shader-Graph-Tools,github.com,https://raw.githubusercontent.com/RubenTipparach/HPSXURP-Shader-Graph-Tools/master/train2.gif,MIT,verified_open,https://github.com/RubenTipparach/HPSXURP-Shader-Graph-Tools/blob/master/LICENSE,yes,yes,yes,2019.4,Retro / Pixelation,psx;retro;dither;pixelation,Old (2019.4)
Screen-Space Refraction (Shader Graph),jiaozi158,HDRP-style screen space refraction for glass/water as a URP Shader Graph.,https://github.com/jiaozi158/UnityRefractionURP,github.com,https://raw.githubusercontent.com/jiaozi158/UnityRefractionURP/main/Documentation/Images/Demo/Sample.jpg,MIT,verified_open,https://github.com/jiaozi158/UnityRefractionURP/blob/main/LICENSE,yes,yes,yes,2022.2,Glass / Refraction,refraction;glass;screen-space;shader-graph,Requires Opaque Texture
LiliumToonGraph,you-ri,Toon shading target for Shader Graph master stack with outlines.,https://github.com/you-ri/LiliumToonGraph,github.com,https://raw.githubusercontent.com/you-ri/LiliumToonGraph/master/Docs/screenshot.png,MIT,verified_open,https://github.com/you-ri/LiliumToonGraph/blob/master/LICENSE,yes,yes,yes,2020.2,Toon,toon;outline;shader-graph;master-stack,Experimental; Japanese docs; old Unity 2020.2
Shader Graph Dissolve Car,CristianQiu,Test project dissolving a car body with a Shader Graph dissolve.,https://github.com/CristianQiu/Unity-URP-Shadergraph-Dissolve-Car,github.com,https://raw.githubusercontent.com/CristianQiu/Unity-URP-Shadergraph-Dissolve-Car/master/GithubImgs/TeaserGif.gif,MIT,verified_open,https://github.com/CristianQiu/Unity-URP-Shadergraph-Dissolve-Car/blob/master/LICENSE,yes,yes,yes,,Dissolve,dissolve;car;shader-graph,
Dissolve HDR Shaders,UxxHans,Shader Graph dissolve shaders with HDR emission edges for URP and HDRP.,https://github.com/UxxHans/Unity-Dissolve-HDR-Shaders,github.com,https://raw.githubusercontent.com/UxxHans/Unity-Dissolve-HDR-Shaders/main/Pictures/1.gif,MIT,verified_open,https://github.com/UxxHans/Unity-Dissolve-HDR-Shaders/blob/main/LICENSE,yes,yes,yes,,Dissolve,dissolve;hdr;emission;shader-graph,HDRP also supported
Awesome Toon Shader,SnutiHQ,Character-focused toon shader in Shader Graph with C# helper for lighting data.,https://github.com/SnutiHQ/Toon-Shader,github.com,https://raw.githubusercontent.com/SnutiHQ/Toon-Shader/master/Gifs/GifExample1.gif,MIT,verified_open,https://github.com/SnutiHQ/Toon-Shader/blob/master/LICENSE,yes,yes,yes,,Toon,toon;character;shader-graph,Requires C# helper component
Retro CRT Shader,Cyanilux,"Shader Graph replicating CRT warp, scanlines, static and VHS distortion.",https://github.com/Cyanilux/URP_RetroCRTShader,github.com,https://raw.githubusercontent.com/Cyanilux/URP_RetroCRTShader/master/retro.gif,MIT,verified_open,https://github.com/Cyanilux/URP_RetroCRTShader/blob/master/LICENSE.md,yes,yes,yes,2022+,Post-Processing,crt;vhs;scanlines;retro;distortion,
Watercolour Shaders,Cyanilux,Watercolour-like Shader Graph experiments.,https://github.com/Cyanilux/URP_WatercolourShaders,github.com,https://raw.githubusercontent.com/Cyanilux/URP_WatercolourShaders/main/Watercolour.png,MIT,verified_open,https://github.com/Cyanilux/URP_WatercolourShaders/blob/main/LICENSE.md,yes,yes,yes,2020.1,Stylized Material,watercolour;painterly;stylized,Old (2020.1)
Interactive Grass (Shader Graph),mozankatip,Interactive URP grass shader made with Shader Graph.,https://github.com/mozankatip/InteractiveGrass,github.com,https://github.com/mozankatip/InteractiveGrass/assets/47041584/b569be97-f861-4ba3-9a79-88a85a949946,CC0-1.0,verified_open,https://github.com/mozankatip/InteractiveGrass/blob/main/LICENSE,yes,yes,yes,,Grass,grass;interactive;wind;shader-graph,Image URL copied from README (host not fetchable from research sandbox; not fetch-verified)
Interactive Stylized Water,mozankatip,Stylized URP water with interaction ripples and caustics via Shader Graph.,https://github.com/mozankatip/InteractiveStylizedWater,github.com,https://user-images.githubusercontent.com/47041584/234895473-386908dc-4d02-4b87-b270-0b0b1089892e.png,MIT,verified_open,https://github.com/mozankatip/InteractiveStylizedWater/blob/main/LICENSE,yes,yes,yes,2022.1,Water,water;stylized;caustics;interactive,Image URL copied from README (host not fetchable from research sandbox; not fetch-verified)
Animated Grass Shader Graph,aniruddhahar,Procedural animated grass shader graph for blade-like geometry.,https://github.com/aniruddhahar/URP-AnimatedGrass,github.com,https://img.youtube.com/vi/9eiiY_tHd4o/0.jpg,MIT,verified_open,https://github.com/aniruddhahar/URP-AnimatedGrass/blob/master/LICENSE,yes,yes,yes,2019.3,Grass,grass;wind;procedural;shader-graph,Preview is the author's YouTube thumbnail; Image URL copied from README (host not fetchable from research sandbox; not fetch-verified)
URP Water Shaders & Caustics,aniruddhahar,Procedural water surface and underwater caustics with distortion.,https://github.com/aniruddhahar/URP-WaterShaders,github.com,https://img.youtube.com/vi/1XAbvmTKjJI/0.jpg,MIT,verified_open,https://github.com/aniruddhahar/URP-WaterShaders/blob/master/LICENSE,yes,yes,yes,2022.2,Water,water;caustics;procedural,Preview is the author's YouTube thumbnail; HDRP also mentioned; Image URL copied from README (host not fetchable from research sandbox; not fetch-verified)
URP Screen Space Refraction,omid3098,Advanced refractive shader with distortion for complex glass scenes.,https://github.com/omid3098/Unity-URP-ScreenSpaceRefraction,github.com,https://user-images.githubusercontent.com/6388730/236700236-714a0b3a-d7dc-4fa0-9370-7aa073edbd14.png,MIT,verified_open,https://github.com/omid3098/Unity-URP-ScreenSpaceRefraction/blob/master/LICENSE,yes,yes,yes,,Glass / Refraction,glass;refraction;distortion,Also works in HDRP; Image URL copied from README (host not fetchable from research sandbox; not fetch-verified)
URP Glass Shader,omid3098,Simple glass shader with distortion in Shader Graph.,https://github.com/omid3098/Unity-URP-GlassShader,github.com,https://user-images.githubusercontent.com/6388730/164811036-e939eca4-5caa-416e-bf89-a6b8545ecf98.png,MIT,verified_open,https://github.com/omid3098/Unity-URP-GlassShader/blob/master/LICENSE.md,yes,yes,yes,,Glass / Refraction,glass;distortion;shader-graph,Image URL copied from README (host not fetchable from research sandbox; not fetch-verified)
Procedural Stochastic Terrain Shader,unitycoder (fork of michael-lundberg-dev),"Shader Graph terrain shader: height/slope blending, triplanar cliffs, stochastic tiling.",https://github.com/unitycoder/Procedural-Stochastic-Terrain-Shader,github.com,https://user-images.githubusercontent.com/67586167/214444915-bb697dc7-62b4-40c1-9159-a69c40e6fcad.jpg,Apache-2.0,verified_open,https://github.com/unitycoder/Procedural-Stochastic-Terrain-Shader/blob/main/LICENSE,yes,yes,yes,2022.2,Terrain,terrain;triplanar;stochastic;slope-blend,This is a fork; verify original author's license before use; Image URL copied from README (host not fetchable from research sandbox; not fetch-verified)
URPFog,meryuhi,"Fullscreen fog effects for URP (depth, distance, height).",https://github.com/meryuhi/URPFog,github.com,https://raw.githubusercontent.com/meryuhi/URPFog/main/Images/FullScreenFogDepth.jpg,MIT,verified_open,https://github.com/meryuhi/URPFog/blob/main/LICENSE.md,yes,yes,yes,Unity 6 / URP 17,Fog / Volumetrics,fog;height-fog;fullscreen,
2D Unity Graphic Experiments,zephyo,Seven 2D URP/Shader Graph experiments.,https://github.com/zephyo/2D-Unity-Experiments,github.com,https://raw.githubusercontent.com/zephyo/2D-Unity-Experiments/master/HairShort.gif,MIT,verified_open,https://github.com/zephyo/2D-Unity-Experiments/blob/master/LICENSE.md,yes,yes,yes,2020,2D Effects,2d;hair;rain;lights,Old (2020)
OpenGraphGUI,RobProductions,Open-source editor GUI helper for URP Shader Graph materials.,https://github.com/RobProductions/OpenGraphGUI,github.com,https://raw.githubusercontent.com/RobProductions/OpenGraphGUI/main/Documentation~/DocAssets/AllTagsScreen.jpg,MIT,verified_open,https://github.com/RobProductions/OpenGraphGUI/blob/main/LICENSE.md,yes,yes,yes,2020.3,Shader Graph Tools,editor;gui;shader-graph,Tool rather than a shader
Shader Graph Variables,Cyanilux,Register/Get Variable nodes for tidier Shader Graphs.,https://github.com/Cyanilux/ShaderGraphVariables,github.com,https://user-images.githubusercontent.com/69320946/122465638-3e384180-cfb0-11eb-8912-30dc00234a46.gif,MIT,verified_open,https://github.com/Cyanilux/ShaderGraphVariables/blob/main/LICENSE,yes,yes,yes,2020.2+,Shader Graph Tools,shader-graph;editor;nodes,All pipelines; tool; Image URL copied from README (host not fetchable from research sandbox; not fetch-verified)
URP Smoke Lighting,peeweek,Lit smoke shader workflows for VFX Graph/Shuriken.,https://github.com/peeweek/Unity-URP-SmokeLighting,github.com,https://user-images.githubusercontent.com/4037271/159125615-15ba0196-9001-4059-967e-60f604258f79.png,MIT,verified_open,https://github.com/peeweek/Unity-URP-SmokeLighting/blob/main/LICENSE,yes,yes,yes,2021.2,VFX / Particles,smoke;lighting;vfx-graph,Image URL copied from README (host not fetchable from research sandbox; not fetch-verified)
BotW Stylised Grass,Daniel Ilett,Breath-of-the-Wild-style stylised grass in URP.,https://github.com/daniel-ilett/shaders-botw-grass,github.com,https://raw.githubusercontent.com/daniel-ilett/shaders-botw-grass/main/Thumbnail.png,MIT,verified_open,https://github.com/daniel-ilett/shaders-botw-grass/blob/main/LICENSE,yes,yes,unknown,2020.2,Grass,grass;stylized;wind;game-recreation,
Six Grass Rendering Techniques,Daniel Ilett,"Six methods of rendering grass in Unity (geometry, billboards, instancing, etc.) with different trade-offs.",https://github.com/daniel-ilett/shaders-6grass,github.com,https://raw.githubusercontent.com/daniel-ilett/shaders-6grass/main/banner.png,MIT,verified_open,https://github.com/daniel-ilett/shaders-6grass/blob/main/LICENSE,yes,yes,unknown,2021.3,Grass,grass;geometry-shader;instancing;comparison,
Gaussian Blur Post Process,Daniel Ilett,Gaussian blur post-process via URP Renderer Features.,https://github.com/daniel-ilett/shaders-gaussian-blur,github.com,https://raw.githubusercontent.com/daniel-ilett/shaders-gaussian-blur/main/banner.png,MIT,verified_open,https://github.com/daniel-ilett/shaders-gaussian-blur/blob/main/LICENSE,yes,yes,unknown,2021.3,Post-Processing,blur;post-processing;renderer-feature,Uses pre-Unity 6 Renderer Feature API
Recall Rune Post Process,Daniel Ilett,Tears-of-the-Kingdom Recall rune style rewind/outline post effect.,https://github.com/daniel-ilett/shaders-recall,github.com,https://raw.githubusercontent.com/daniel-ilett/shaders-recall/main/banner.jpg,MIT,verified_open,https://github.com/daniel-ilett/shaders-recall/blob/main/LICENSE,yes,yes,unknown,2022.3,Post-Processing,post-processing;glow;game-recreation,
Sketched Shadows Post Process,Daniel Ilett,Hand-sketched shading post-processing effect (Mystery Dungeon style).,https://github.com/daniel-ilett/shaders-sketched,github.com,https://raw.githubusercontent.com/daniel-ilett/shaders-sketched/main/Thumbnail.png,MIT,verified_open,https://github.com/daniel-ilett/shaders-sketched/blob/main/LICENSE,yes,yes,unknown,2022.3,Post-Processing,sketch;hatching;stylized;post-processing,
Stealth Vision (See-through-walls),Daniel Ilett,Highlight objects through walls using stencil/depth tricks.,https://github.com/daniel-ilett/shaders-stealth-vision,github.com,https://raw.githubusercontent.com/daniel-ilett/shaders-stealth-vision/main/banner.jpg,MIT,verified_open,https://github.com/daniel-ilett/shaders-stealth-vision/blob/main/LICENSE,yes,yes,unknown,2020.3,Screen-Space Effect,xray;silhouette;stencil;stealth,
Impossible Geometry (Stencil),Daniel Ilett,Antichamber-style impossible geometry with stencil shaders.,https://github.com/daniel-ilett/shaders-impossible-geom,github.com,https://raw.githubusercontent.com/daniel-ilett/shaders-impossible-geom/main/banner.jpg,MIT,verified_open,https://github.com/daniel-ilett/shaders-impossible-geom/blob/main/LICENSE,yes,yes,unknown,2020.3,Miscellaneous Technique,stencil;impossible-geometry;portal,
Recursive Portals (URP),Daniel Ilett,Functional recursive portal system with camera render textures.,https://github.com/daniel-ilett/portals-urp,github.com,https://raw.githubusercontent.com/daniel-ilett/portals-urp/main/banner.jpg,MIT,verified_open,https://github.com/daniel-ilett/portals-urp/blob/main/LICENSE,yes,yes,unknown,2019.4,Portal,portal;render-texture;recursive;gameplay,Includes C# gameplay code; old Unity version
10 Shaders for URP,Daniel Ilett,"Ten varied URP shaders (outline, dissolve, etc.) from a 10-in-10-minutes video project.",https://github.com/daniel-ilett/10-shaders,github.com,https://raw.githubusercontent.com/daniel-ilett/10-shaders/main/banner.jpg,MIT,verified_open,https://github.com/daniel-ilett/10-shaders/blob/main/LICENSE,yes,yes,unknown,2020.3,Collection,collection;beginner;stylized,Tutorial-grade; included as a collection
Blur Shaders Pro (URP),Daniel Ilett,Small collection of blur post-processing effects for URP.,https://github.com/daniel-ilett/blur-pro-urp,github.com,https://raw.githubusercontent.com/daniel-ilett/blur-pro-urp/main/Thumbnail.png,MIT,verified_open,https://github.com/daniel-ilett/blur-pro-urp/blob/main/LICENSE,yes,yes,unknown,2022.3,Post-Processing,blur;post-processing;kawase;box,Repo also has built-in/HDRP variants
Volumetric Clouds for URP,jiaozi158,HDRP volumetric clouds ported to URP.,https://github.com/jiaozi158/UnityVolumetricCloudsURP,github.com,https://raw.githubusercontent.com/jiaozi158/UnityVolumetricCloudsURP/main/Documentation/Images/Showcases/GlobalClouds.jpg,MIT,verified_open,https://github.com/jiaozi158/UnityVolumetricCloudsURP/blob/main/LICENSE,yes,yes,unknown,2022.2,Clouds / Sky,clouds;volumetric;sky;raymarching,Read requirements; heavy GPU cost
Physically Based Sky for URP,jiaozi158,Physically based sky with precomputed atmospheric scattering.,https://github.com/jiaozi158/UnityPhysicallyBasedSkyURP,github.com,https://raw.githubusercontent.com/jiaozi158/UnityPhysicallyBasedSkyURP/main/Documentation~/Images/PhysicallyBasedSky/Header_PBR_Sky.jpg,MIT,verified_open,https://github.com/jiaozi158/UnityPhysicallyBasedSkyURP/blob/main/LICENSE.md,yes,yes,unknown,2022.3,Clouds / Sky,sky;atmosphere;scattering,
Screen Space Reflection for URP,jiaozi158,SSR renderer feature with approximation and PBR accumulation modes.,https://github.com/jiaozi158/UnitySSReflectionURP,github.com,https://raw.githubusercontent.com/jiaozi158/UnitySSReflectionURP/main/Documentation/Images/SampleScene/ApproximationMode.jpg,MIT,verified_open,https://github.com/jiaozi158/UnitySSReflectionURP/blob/main/LICENSE,yes,yes,unknown,2022.2,Screen-Space Effect,ssr;reflection;renderer-feature,
Screen Space GI for URP,jiaozi158,Screen space global illumination renderer feature for URP.,https://github.com/jiaozi158/UnitySSGIURP,github.com,https://raw.githubusercontent.com/jiaozi158/UnitySSGIURP/main/Documentation~/Images/RelaxingCorner/SSGI_FullRes_High.jpg,MIT,verified_open,https://github.com/jiaozi158/UnitySSGIURP/blob/main/LICENSE.md,yes,yes,unknown,2022.3,Screen-Space Effect,ssgi;gi;renderer-feature,
Shell Fur for URP,jiaozi158,"Multi-pass shell-based fur shader for URP, no geometry shader required.",https://github.com/jiaozi158/ShellFurURP,github.com,https://raw.githubusercontent.com/jiaozi158/ShellFurURP/main/Documentation/Images/Demo/HighFidelity/HighFidelity1_new.jpg,MIT,verified_open,https://github.com/jiaozi158/ShellFurURP/blob/main/LICENSE,yes,yes,unknown,,Fur / Hair,fur;shell;multi-pass,Based on hecomi's UnityFurURP; HDRP mentioned
URP Fog Volumes,sinnwrig,Raymarched single-bounce volumetric fog volumes with light shafts for URP.,https://github.com/sinnwrig/URP-Fog-Volumes,github.com,https://raw.githubusercontent.com/sinnwrig/URP-Fog-Volumes/main/Assets~/Images/Terrain-Fog.png,MIT,verified_open,https://github.com/sinnwrig/URP-Fog-Volumes/blob/main/LICENSE.md,yes,yes,unknown,2022.3,Fog / Volumetrics,fog;volumetric;god-rays;raymarching,
URP Atmosphere,sinnwrig,Atmospheric scattering post effect ported from Shadertoy.,https://github.com/sinnwrig/URP-Atmosphere,github.com,https://raw.githubusercontent.com/sinnwrig/URP-Atmosphere/main/Assets/Screenshots/daytime.png,MIT,verified_open,https://github.com/sinnwrig/URP-Atmosphere/blob/main/LICENSE.md,yes,yes,unknown,,Clouds / Sky,atmosphere;scattering;sky,
URP Volumetric Light,CristianQiu,Volumetric lighting/fog for main and additional lights in URP.,https://github.com/CristianQiu/Unity-URP-Volumetric-Light,github.com,https://raw.githubusercontent.com/CristianQiu/Unity-Packages-Gifs/main/URP-Volumetric-Light/Towers.gif,MIT,verified_open,https://github.com/CristianQiu/Unity-URP-Volumetric-Light/blob/main/LICENSE.md,yes,yes,unknown,2022.3+/Unity 6,Fog / Volumetrics,volumetric;god-rays;fog;lighting,
URP Outline (Unity 6),CristianQiu,Outline render feature for Unity 6 URP with Render Graph and volume integration.,https://github.com/CristianQiu/Unity-URP-Outline,github.com,https://raw.githubusercontent.com/CristianQiu/Unity-Packages-Gifs/main/URP-Outline/Teaser.jpg,MIT,verified_open,https://github.com/CristianQiu/Unity-URP-Outline/blob/main/LICENSE.md,yes,yes,unknown,Unity 6,Outline,outline;renderer-feature;render-graph,
URPOcean,bearworks,Mobile-friendly ocean waves for URP.,https://github.com/bearworks/URPOcean,github.com,https://raw.githubusercontent.com/bearworks/URPOcean/master/Image/URPOcean.png,MIT,verified_open,https://github.com/bearworks/URPOcean/blob/master/LICENSE,yes,yes,unknown,2022.3,Ocean,ocean;waves;mobile,
URPOcean Tessellation,bearworks,Tessellated FFT ocean for URP.,https://github.com/bearworks/URPOceanTessellation,github.com,https://raw.githubusercontent.com/bearworks/URPOceanTessellation/master/Image/URPOcean.png,MIT,verified_open,https://github.com/bearworks/URPOceanTessellation/blob/master/LICENSE,yes,yes,unknown,2022.3,Ocean,ocean;fft;tessellation,
"URP Sea, Cloud & Fog",bearworks,"Integrated sea, cloud and height/atmospheric fog for URP.",https://github.com/bearworks/URPSeaCloudFog,github.com,https://raw.githubusercontent.com/bearworks/URPSeaCloudFog/main/Image/URPSeaCloudFog.png,MIT,verified_open,https://github.com/bearworks/URPSeaCloudFog/blob/main/LICENSE,yes,yes,unknown,2022.3,Clouds / Sky,sea;clouds;fog;sky,
URP Volumetric Lighting,nixonyh,Volumetric light scattering package for URP.,https://github.com/nixonyh/URPVolumetricLighting,github.com,https://raw.githubusercontent.com/nixonyh/URPVolumetricLighting/master/Pictures~/VolumetricLightScattering.png,Apache-2.0,verified_open,https://github.com/nixonyh/URPVolumetricLighting/blob/master/LICENSE,yes,yes,unknown,2021.1,Fog / Volumetrics,volumetric;god-rays;light-scattering,
"Interactable Water, Grass & Wind",indieshade,"Interactive water, grass and wind scripts and shaders.",https://github.com/indieshade/UnityInteractableWater-Grass-Wind_URP,github.com,https://raw.githubusercontent.com/indieshade/UnityInteractableWater-Grass-Wind_URP/main/Resources/Showcase_Image.jpg,MIT,verified_open,https://github.com/indieshade/UnityInteractableWater-Grass-Wind_URP/blob/main/LICENSE,yes,yes,unknown,2019.4,Water,water;grass;wind;interactive,
URP Water,ChiliMilk,Water shader for URP.,https://github.com/ChiliMilk/URP_Water,github.com,https://raw.githubusercontent.com/ChiliMilk/URP_Water/master/Image/Preview.png,MIT,verified_open,https://github.com/ChiliMilk/URP_Water/blob/master/LICENSE,yes,yes,unknown,2020.3+,Water,water;urp,
URP Toon,ChiliMilk,Feature-rich URP toon shader with Genshin-style samples.,https://github.com/ChiliMilk/URP_Toon,github.com,https://raw.githubusercontent.com/ChiliMilk/URP_Toon/master/image/Genshin_Sample.gif,MIT,verified_open,https://github.com/ChiliMilk/URP_Toon/blob/master/LICENSE,yes,yes,unknown,,Toon,toon;character;outline,Sample character assets may be third party; verify before reuse
URP Toon Shader,Delt06,Toon shader compatible with URP.,https://github.com/Delt06/urp-toon-shader,github.com,https://raw.githubusercontent.com/Delt06/urp-toon-shader-cyberpunk-demo/master/Documentation/screenshot.jpg,MIT,verified_open,https://github.com/Delt06/urp-toon-shader/blob/master/LICENSE.md,yes,yes,unknown,2021.3,Toon,toon;urp;stylized,README says no longer actively maintained; image from companion repo Delt06/urp-toon-shader-cyberpunk-demo
URP Toon Lit Shader Example,ColinLeung-NiloCat,Minimal toon lit shader for learning custom lit shaders in URP.,https://github.com/ColinLeung-NiloCat/UnityURPToonLitShaderExample,github.com,https://i.imgur.com/lfu2wZdh.jpg,MIT,verified_open,https://github.com/ColinLeung-NiloCat/UnityURPToonLitShaderExample/blob/master/LICENSE,yes,yes,unknown,2022.3,Toon,toon;hlsl;learning,Not the full NiloToonURP (closed source); Image URL copied from README (host not fetchable from research sandbox; not fetch-verified)
URP Unlit Screen Space Decal,ColinLeung-NiloCat,Single-shader screen-space decals on a cube; SRP-batcher compatible.,https://github.com/ColinLeung-NiloCat/UnityURPUnlitScreenSpaceDecalShader,github.com,https://i.imgur.com/E77sKyD.png,MIT,verified_open,https://github.com/ColinLeung-NiloCat/UnityURPUnlitScreenSpaceDecalShader/blob/master/LICENSE,yes,yes,unknown,2020.3+,Decal,decal;screen-space;depth,Requires Depth Texture; Image URL copied from README (host not fetchable from research sandbox; not fetch-verified)
Mobile Screen Space Planar Reflection,ColinLeung-NiloCat,Fast SSPR renderer feature for mobile water/floors.,https://github.com/ColinLeung-NiloCat/UnityURP-MobileScreenSpacePlanarReflection,github.com,https://i.imgur.com/cNaVHLK.png,MIT,verified_open,https://github.com/ColinLeung-NiloCat/UnityURP-MobileScreenSpacePlanarReflection/blob/master/LICENSE,yes,yes,unknown,,Screen-Space Effect,reflection;ssr;water;mobile,Requires Depth and Opaque Texture; Image URL copied from README (host not fetchable from research sandbox; not fetch-verified)
Billboard Lens Flare,ColinLeung-NiloCat,One-quad lens flare shader optimised for mobile.,https://github.com/ColinLeung-NiloCat/UnityURP-BillboardLensFlareShader,github.com,https://i.imgur.com/sQeT2h9.jpg,MIT,verified_open,https://github.com/ColinLeung-NiloCat/UnityURP-BillboardLensFlareShader/blob/master/LICENSE,yes,yes,unknown,2020.3+,Lens Flare,lens-flare;billboard;mobile,Image URL copied from README (host not fetchable from research sandbox; not fetch-verified)
Mobile 1M Grass Instances,ColinLeung-NiloCat,Draws a million grass instances on mobile with indirect instancing.,https://github.com/ColinLeung-NiloCat/UnityURP-MobileDrawMeshInstancedIndirectExample,github.com,https://i.imgur.com/oQoFK46.png,MIT,verified_open,https://github.com/ColinLeung-NiloCat/UnityURP-MobileDrawMeshInstancedIndirectExample/blob/master/LICENSE,yes,yes,unknown,2019.4,Grass,grass;instancing;mobile;compute,Old Unity version; Image URL copied from README (host not fetchable from research sandbox; not fetch-verified)
URP Surface Shader Solution,ColinLeung-NiloCat,"Tiny, flexible surface-shader-style workflow for URP.",https://github.com/ColinLeung-NiloCat/UnityURP-SurfaceShaderSolution,github.com,https://i.imgur.com/pLNO4aR.png,MIT,verified_open,https://github.com/ColinLeung-NiloCat/UnityURP-SurfaceShaderSolution/blob/master/LICENSE,yes,yes,unknown,2019.4,Shader Framework,surface-shader;hlsl;template,Image URL copied from README (host not fetchable from research sandbox; not fetch-verified)
uRaymarching,hecomi,Raymarching shader template system with deferred/forward output.,https://github.com/hecomi/uRaymarching,github.com,https://raw.githubusercontent.com/wiki/hecomi/uRaymarching/hex_floor.gif,MIT,verified_open,https://github.com/hecomi/uRaymarching/blob/master/LICENSE.md,yes,yes,unknown,,Raymarching,raymarching;sdf;template,Repo supports Built-in/URP/HDRP
Nova Shader (Particles),CyberAgent,"Multi-functional particle shader for URP (distortion, dissolve, etc.).",https://github.com/CyberAgentGameEntertainment/NovaShader,github.com,https://user-images.githubusercontent.com/47441314/144193003-53bcaa8a-b9a2-4b79-a1de-aa7b001abdaa.gif,MIT,verified_open,https://github.com/CyberAgentGameEntertainment/NovaShader/blob/main/LICENSE.md,yes,yes,unknown,2022.3,VFX / Particles,particles;vfx;distortion;dissolve,Image URL copied from README (host not fetchable from research sandbox; not fetch-verified)
AirSticker Decals,CyberAgent,Mesh-based decal system that works around URP decal limits.,https://github.com/CyberAgentGameEntertainment/AirSticker,github.com,https://raw.githubusercontent.com/CyberAgentGameEntertainment/AirSticker/main/Documentation/fig-014.gif,MIT,verified_open,https://github.com/CyberAgentGameEntertainment/AirSticker/blob/main/LICENSE.md,yes,yes,unknown,Unity 6 / 2020.3,Decal,decal;mesh;projection,Mostly C# mesh generation
Driven Decals,Anatta336,Mesh-based PBR decals for URP forward renderer.,https://github.com/Anatta336/driven-decals,github.com,https://raw.githubusercontent.com/Anatta336/driven-decals/master/Documentation~/images/demonstration.png,MIT,verified_open,https://github.com/Anatta336/driven-decals/blob/master/LICENSE.md,yes,yes,unknown,2019.3,Decal,decal;mesh;pbr,Old Unity; superseded partly by URP Decal Projector
URP Render Features (Unity 6),Chishikii,Collection of Render Graph renderer features including outlines.,https://github.com/Chishikii/URP-Render-Features,github.com,https://raw.githubusercontent.com/Chishikii/URP-Render-Features/main/Documentation/outlines_depth.png,MIT,verified_open,https://github.com/Chishikii/URP-Render-Features/blob/main/LICENSE,yes,yes,unknown,Unity 6,Post-Processing,renderer-feature;outline;render-graph,
URP Outline Post-Process,tantaneity,Sobel edge-detection outline post-process using depth and normals.,https://github.com/tantaneity/unity-urp-outline-postprocess,github.com,https://raw.githubusercontent.com/tantaneity/unity-urp-outline-postprocess/main/example.png,MIT,verified_open,https://github.com/tantaneity/unity-urp-outline-postprocess/blob/main/LICENSE,yes,yes,unknown,,Outline,outline;sobel;post-processing,
Genshin-like Post Processing,kaze-mio,URP post-processing chain imitating Genshin Impact look.,https://github.com/kaze-mio/UnityGenshinPostProcessing,github.com,https://raw.githubusercontent.com/kaze-mio/UnityGenshinPostProcessing/main/Images/image_0.png,MIT,verified_open,https://github.com/kaze-mio/UnityGenshinPostProcessing/blob/main/LICENSE,yes,yes,unknown,2022.3,Post-Processing,anime;bloom;tonemap;stylized,
URP Underwater Effects,End3r6,Underwater post effects rendered below the waterline.,https://github.com/End3r6/URPUnderwaterEffects,github.com,https://raw.githubusercontent.com/End3r6/URPUnderwaterEffects/master/GIF/Showcase_WaterLine.gif,MIT,verified_open,https://github.com/End3r6/URPUnderwaterEffects/blob/master/License,yes,yes,unknown,,Water,underwater;post-processing;water-line,
Per-Object Motion Blur,Estradel,Per-object motion blur renderer feature.,https://github.com/Estradel/URP-Simple-Per-Object-Motion-Blur,github.com,https://raw.githubusercontent.com/Estradel/URP-Simple-Per-Object-Motion-Blur/main/Images/example.png,MIT,verified_open,https://github.com/Estradel/URP-Simple-Per-Object-Motion-Blur/blob/main/LICENSE.md,yes,yes,unknown,2022.2+,Post-Processing,motion-blur;renderer-feature,
VHS Post Process,bandinopla,VHS filter built from Ben Cloward and Febucci tutorials.,https://github.com/bandinopla/VHS-Effect,github.com,https://raw.githubusercontent.com/bandinopla/VHS-Effect/main/preview.gif,MIT,verified_open,https://github.com/bandinopla/VHS-Effect/blob/main/LICENSE,yes,yes,unknown,2021.1,Post-Processing,vhs;retro;post-processing,
SSGI-URP,demonixis,Screen space GI renderer feature ported from Godot.,https://github.com/demonixis/SSGI-URP,github.com,https://raw.githubusercontent.com/demonixis/SSGI-URP/master/Images/ssgi-on.jpg,MIT,verified_open,https://github.com/demonixis/SSGI-URP/blob/master/LICENSE,yes,yes,unknown,2019.3,Screen-Space Effect,ssgi;gi,Old
Screen Space Reflections (URP),JoshuaLim007,SSR with linear and Hi-Z tracing.,https://github.com/JoshuaLim007/Unity-ScreenSpaceReflections-URP,github.com,https://i.imgur.com/HmTwsHf.png,MIT,verified_open,https://github.com/JoshuaLim007/Unity-ScreenSpaceReflections-URP/blob/main/LICENSE,yes,yes,unknown,,Screen-Space Effect,ssr;reflection;hi-z,Image URL copied from README (host not fetchable from research sandbox; not fetch-verified)
URP/LWRP Shaders Collection,marcozakaria,"Collection of URP shaders: hex spheres, clouds, stylized water.",https://github.com/marcozakaria/URP-LWRP-Shaders,github.com,https://raw.githubusercontent.com/marcozakaria/URP-LWRP-Shaders/master/Assets/Preview/Stylized_Water.JPG,MIT,verified_open,https://github.com/marcozakaria/URP-LWRP-Shaders/blob/master/LICENSE,yes,yes,unknown,2020.3,Collection,clouds;water;hex,
PostProcessing-URP,Josephy5,Post effects for URP as shader study material.,https://github.com/Josephy5/PostProcessing-URP,github.com,https://github.com/user-attachments/assets/6212ba26-641e-497b-ad6a-7d4d3bd9dc0f,MIT,verified_open,https://github.com/Josephy5/PostProcessing-URP/blob/main/LICENSE,yes,yes,unknown,Unity 6,Post-Processing,post-processing;study,Image URL copied from README (host not fetchable from research sandbox; not fetch-verified)
Stylized Skybox (URP),Josephy5,Stylized skybox shader for URP.,https://github.com/Josephy5/Stylized-Skybox,github.com,https://github.com/user-attachments/assets/646bc29b-e5ef-4673-a8b0-32d91895943d,MIT,verified_open,https://github.com/Josephy5/Stylized-Skybox/blob/main/LICENSE,yes,yes,unknown,2022.3,Clouds / Sky,skybox;sky;stylized,Image URL copied from README (host not fetchable from research sandbox; not fetch-verified)
Unified Universal Blur,lukakldiashvili,Translucent UI blur for URP/HDRP/Built-in.,https://github.com/lukakldiashvili/Unified-Universal-Blur,github.com,https://github.com/user-attachments/assets/f97043d5-ed16-45da-91e9-e1d4bdf20518,MIT,verified_open,https://github.com/lukakldiashvili/Unified-Universal-Blur/blob/main/LICENSE,yes,yes,unknown,2022.3+,Post-Processing,blur;ui;glass,Image URL copied from README (host not fetchable from research sandbox; not fetch-verified)
Custom Tone Mapping for URP,aki-null,Extra tone mapping operators (e.g. GT7) for URP.,https://github.com/aki-null/CustomToneMappingURP,github.com,https://github.com/user-attachments/assets/541952bf-26a4-4047-9861-84e66020fd58,MIT,verified_open,https://github.com/aki-null/CustomToneMappingURP/blob/main/LICENSE.md,yes,yes,unknown,Unity 6,Post-Processing,tonemapping;color-grading,Image URL copied from README (host not fetchable from research sandbox; not fetch-verified)
Genshin Cel Shader URP,Gaolingx,Genshin Impact-inspired cel shading project.,https://github.com/Gaolingx/GenshinCelShaderURP,github.com,https://raw.githubusercontent.com/Gaolingx/GenshinCelShaderURP/main/Pictures/Example01.PNG,MIT,verified_open,https://github.com/Gaolingx/GenshinCelShaderURP/blob/main/LICENSE,yes,yes,unknown,,Toon,cel-shading;anime;character,Sample assets are likely third-party IP; review before reuse
BlurToonURP,blurfeng,Anime-style rendering shader project.,https://github.com/blurfeng/blur-toon-urp,github.com,https://raw.githubusercontent.com/blurfeng/blur-toon-urp/main/Documents~/Header.gif,MIT,verified_open,https://github.com/blurfeng/blur-toon-urp/blob/main/LICENSE,yes,yes,unknown,2022.3,Toon,toon;anime;outline,
Simple URP Toon Lit Outline,simplestargame,Toon lit with outline example.,https://github.com/simplestargame/SimpleURPToonLitOutlineExample,github.com,https://user-images.githubusercontent.com/20289559/151178653-4e27ddb3-24cb-4ecf-b207-35709d203b23.png,MIT,verified_open,https://github.com/simplestargame/SimpleURPToonLitOutlineExample/blob/main/LICENSE,yes,yes,unknown,2021.3,Toon,toon;outline,Image URL copied from README (host not fetchable from research sandbox; not fetch-verified)
HumToon URP,Hum9183,PBR-based toon shader.,https://github.com/Hum9183/HumToonURP,github.com,https://github.com/user-attachments/assets/1b9c5ce6-31aa-4f76-9d8a-4e2bebc4dcdf,MIT,verified_open,https://github.com/Hum9183/HumToonURP/blob/master/LICENSE,yes,yes,unknown,2022.3,Toon,toon;pbr,Under development; depends on HumToonCore; Image URL copied from README (host not fetchable from research sandbox; not fetch-verified)
OutlineFx,NullTale,Simplified screen-space outline for URP with 2D/3D support.,https://github.com/NullTale/OutlineFx,github.com,https://github.com/NullTale/OutlineFx/assets/1497430/d6367587-2203-47e7-8a13-6d16195f2adc,MIT,verified_open,https://github.com/NullTale/OutlineFx/blob/master/LICENSE.md,yes,yes,unknown,,Outline,outline;screen-space;post-processing,Image URL copied from README (host not fetchable from research sandbox; not fetch-verified)
Foil Trading Card,ciro-unity,Foil card shader.,https://github.com/ciro-unity/FoilTradingCard,github.com,https://raw.githubusercontent.com/ciro-unity/FoilTradingCard/main/Showcase/Card.png,Apache-2.0,verified_open,https://github.com/ciro-unity/FoilTradingCard/blob/main/LICENSE,yes,yes,unknown,2021.1,Stylized Material,foil;card;iridescent,
Stylized Trees,mozankatip,Leaves shader with wind animation.,https://github.com/mozankatip/StylizedTrees,github.com,https://github.com/mozankatip/StylizedTrees/assets/47041584/111e7257-8f49-4e49-878b-6ab5d601d480,MIT,verified_open,https://github.com/mozankatip/StylizedTrees/blob/main/LICENSE,yes,yes,unknown,,Foliage,leaves;wind;trees,Image URL copied from README (host not fetchable from research sandbox; not fetch-verified)
StarRail NPR Shader,stalomeow,Fan-made Honkai: Star Rail NPR shading for URP.,https://github.com/stalomeow/StarRailNPRShader,github.com,https://raw.githubusercontent.com/stalomeow/StarRailNPRShaderDocs/main/docs/assets/banners/en.png,GPL (version not recorded),verified_open,https://github.com/stalomeow/StarRailNPRShader/blob/main/LICENSE.md,yes,yes,unknown,,Toon,npr;anime;character,GPL; game-IP replica; review README restrictions; Image URL copied from README (host not fetchable from research sandbox; not fetch-verified)
Shell Grass (Compute),fisekoo,Shell-based interactive compute grass.,https://github.com/fisekoo/shell-grass,github.com,https://github.com/fisekoo/shell-grass/assets/82342866/8f586ad2-8f04-46f3-96fa-1b908b757847,GPL (version not recorded),verified_open,https://github.com/fisekoo/shell-grass/blob/main/LICENSE,yes,yes,unknown,,Grass,grass;shell;compute;interactive,GPL; Image URL copied from README (host not fetchable from research sandbox; not fetch-verified)
"Dither Transparency (Shader Graph, 2022.3)",Daniel Ilett,Updated dithered transparency shader for Shader Graph.,https://github.com/daniel-ilett/shaders-dither-transparency,github.com,https://raw.githubusercontent.com/daniel-ilett/shaders-dither-transparency/main/Thumbnail.png,MIT,verified_open,https://github.com/daniel-ilett/shaders-dither-transparency/blob/main/LICENSE,yes,unknown,yes,2022.3,Transparency,dither;transparency;fade,README does not explicitly name URP
Voronoi Stylised Lava,Daniel Ilett,Stylised animated lava built on Voronoi patterns in Shader Graph.,https://github.com/daniel-ilett/shaders-stylised-lava,github.com,https://raw.githubusercontent.com/daniel-ilett/shaders-stylised-lava/main/banner.png,MIT,verified_open,https://github.com/daniel-ilett/shaders-stylised-lava/blob/main/LICENSE,yes,unknown,yes,2022.3,Lava,lava;voronoi;stylized;emissive,README does not explicitly name URP
Terastallize Crystal Effect,Daniel Ilett,Pokemon-style crystalline terastal effect in Shader Graph.,https://github.com/daniel-ilett/shaders-terastal,github.com,https://raw.githubusercontent.com/daniel-ilett/shaders-terastal/main/Thumbnail.png,MIT,verified_open,https://github.com/daniel-ilett/shaders-terastal/blob/main/LICENSE,yes,unknown,yes,2022.3,Stylized Material,crystal;refraction;stylized;vfx,README does not explicitly name URP
Stealth Camo,Daniel Ilett,Metal Gear Solid style optical-camouflage refraction effect in Shader Graph.,https://github.com/daniel-ilett/shaders-mgs-stealth,github.com,https://raw.githubusercontent.com/daniel-ilett/shaders-mgs-stealth/main/Thumbnail.png,MIT,verified_open,https://github.com/daniel-ilett/shaders-mgs-stealth/blob/main/LICENSE,yes,unknown,yes,2022.3,Stylized Material,camo;stealth;refraction;distortion,README does not explicitly name URP
Noisy Nodes,JimmyCushnie,3D noise nodes for Shader Graph.,https://github.com/JimmyCushnie/Noisy-Nodes,github.com,https://raw.githubusercontent.com/JimmyCushnie/Noisy-Nodes/master/demo.jpg,WTFPL,verified_open,https://github.com/JimmyCushnie/Noisy-Nodes/blob/master/LICENSE,yes,unknown,yes,,Shader Graph Tools,noise;nodes;shader-graph,Code partly from keijiro NoiseShader (MIT)
Noise Shader Library,keijiro,HLSL noise library for Unity shaders.,https://github.com/keijiro/NoiseShader,github.com,https://github.com/user-attachments/assets/de57f3c3-8412-4c7e-89b2-a82486e6b216,MIT,verified_open,https://github.com/keijiro/NoiseShader/blob/master/LICENSE,yes,unknown,unknown,,Shader Library,noise;library;hlsl,Image URL copied from README (host not fetchable from research sandbox; not fetch-verified)
ShaderGraph Sandbox,andydbc,Collection of early Shader Graph examples.,https://github.com/andydbc/unity-shadergraph-sandbox,github.com,https://user-images.githubusercontent.com/31256170/41510401-077a570c-7232-11e8-8c89-2bff3e814f96.png,MIT,verified_open,https://github.com/andydbc/unity-shadergraph-sandbox/blob/master/LICENSE,yes,unknown,yes,2019.1,Collection,shader-graph;examples,Very old (2018/19); Image URL copied from README (host not fetchable from research sandbox; not fetch-verified)
Mesh Animation (VAT),codewriter-packages,GPU vertex animation textures library.,https://github.com/codewriter-packages/mesh-animation,github.com,https://user-images.githubusercontent.com/26966368/201170891-99093ad9-6bd6-4ed3-a81e-1cd0f1becb55.png,MIT,verified_open,https://github.com/codewriter-packages/mesh-animation/blob/master/LICENSE.md,yes,unknown,unknown,,Vertex Animation,vat;gpu-animation;morph,Image URL copied from README (host not fetchable from research sandbox; not fetch-verified)
Vertex Animation (Tech Art Outsource),maxartz15,"VAT baker, Shader Graph shaders and DOTS animation system.",https://github.com/maxartz15/VertexAnimation,github.com,https://raw.githubusercontent.com/maxartz15/VertexAnimation/master/Documentation~/Images/ProjectCastle_01.gif,MIT,verified_open,https://github.com/maxartz15/VertexAnimation/blob/master/LICENSE.md,yes,unknown,yes,,Vertex Animation,vat;dots;crowd;shader-graph,
PixelCamera,ekx,Low-res render texture pixel-art camera.,https://github.com/ekx/PixelCamera,github.com,https://raw.githubusercontent.com/ekx/PixelCamera/master/Screenshots/Screenshot1.png,MIT,verified_open,https://github.com/ekx/PixelCamera/blob/master/LICENSE,yes,unknown,unknown,,Retro / Pixelation,pixel-art;low-res,Likely Built-in era
Unity Shaders (Adrian Miasik),adrian-miasik,Shader examples (Shader Graph + Built-in).,https://github.com/adrian-miasik/unity-shaders,github.com,https://raw.githubusercontent.com/adrian-miasik/unity-shaders/master/readme-preview.png,GPL (version not recorded),verified_open,https://github.com/adrian-miasik/unity-shaders/blob/master/LICENSE,yes,unknown,mixed,2023.2,Collection,examples;shader-graph,GPL copyleft license
Crest Ocean (Built-in),Wave Harmonic,Class-leading ocean system; this repo is Built-in only (URP/HDRP versions are paid).,https://github.com/wave-harmonic/crest,github.com,https://raw.githubusercontent.com/wave-harmonic/crest/master/img/Header.jpg,MIT,verified_open,https://github.com/wave-harmonic/crest/blob/master/LICENSE,yes,no,unknown,2022.3+,Ocean,ocean;waves;buoyancy,URP version is on Asset Store (paid)
HoloShield,AdultLink,Customisable sci-fi force field with tessellation.,https://github.com/AdultLink/HoloShield,github.com,https://raw.githubusercontent.com/AdultLink/HoloShield/master/Media/Shield1.gif,MIT,verified_open,https://github.com/AdultLink/HoloShield/blob/master/LICENSE.md,yes,no,no,2018.3,Force Field,shield;force-field;tessellation,Built-in via Amplify Shader Editor
Hologram Shader,andydbc,Classic hologram shader with custom editor.,https://github.com/andydbc/HologramShader,github.com,https://raw.githubusercontent.com/andydbc/HologramShader/master/Screenshots/screen00.gif,MIT,verified_open,https://github.com/andydbc/HologramShader/blob/master/LICENSE,yes,unknown,unknown,,Hologram,hologram;scanlines,Pre-SRP (2017)
Gerstner Water,bobboli,Gerstner wave water shader with fresnel and bump.,https://github.com/bobboli/gerstner-water,github.com,https://raw.githubusercontent.com/bobboli/gerstner-water/master/waves.gif,GPL (version not recorded),verified_open,https://github.com/bobboli/gerstner-water/blob/master/LICENSE,yes,unknown,unknown,2019.2,Ocean,gerstner;water;waves,GPL copyleft
Shader Graph Master Stack Samples,Unity Technologies,"Official beach scene with water, waterfall and more.",https://github.com/Unity-Technologies/ShaderGraph-MasterStack-Samples,github.com,https://raw.githubusercontent.com/Unity-Technologies/ShaderGraph-MasterStack-Samples/main/Assets/Images/MasterStackDemo.PNG,Unity Companion License,free_restrictive,https://github.com/Unity-Technologies/ShaderGraph-MasterStack-Samples/blob/main/LICENSE.md,yes,yes,yes,2020.2,Collection,official;water;waterfall,Unity Companion License: use only with Unity
VolFx,NullTale,Selective post-processing and FX system.,https://github.com/NullTale/VolFx,github.com,https://github.com/NullTale/VolFx/assets/1497430/a1f99548-8bc8-43fb-93ba-0668f9a46ef9,Custom non-commercial,free_restrictive,https://github.com/NullTale/VolFx/blob/master/LICENSE.md,yes,yes,unknown,2022.2+,Post-Processing,post-processing;vfx,Non-commercial; commercial version on Asset Store; Image URL copied from README (host not fetchable from research sandbox; not fetch-verified)
DitherFx,NullTale,Pattern dithering post effect.,https://github.com/NullTale/DitherFx,github.com,https://github.com/NullTale/DitherFx/assets/1497430/1ae1eee8-6240-48cf-8bd7-1a8a0ad26e59,Custom non-commercial,free_restrictive,https://github.com/NullTale/DitherFx/blob/master/LICENSE.md,yes,yes,unknown,,Retro / Pixelation,dither;post-processing,Non-commercial; Image URL copied from README (host not fetchable from research sandbox; not fetch-verified)
VhsFx,NullTale,VHS post effect.,https://github.com/NullTale/VhsFx,github.com,https://github.com/NullTale/VhsFx/assets/1497430/136361c4-acfc-4142-938a-69c9bdf2b2be,Custom non-commercial,free_restrictive,https://github.com/NullTale/VhsFx/blob/master/LICENSE.md,yes,yes,unknown,,Post-Processing,vhs;retro,Non-commercial; Image URL copied from README (host not fetchable from research sandbox; not fetch-verified)
OldMovieFx,NullTale,Old movie film post effect.,https://github.com/NullTale/OldMovieFx,github.com,https://github.com/NullTale/OldMovieFx/assets/1497430/8c9c33b5-1a5d-4b92-b2ee-199fb83f97f9,Custom non-commercial,free_restrictive,https://github.com/NullTale/OldMovieFx/blob/master/LICENSE.md,yes,yes,unknown,,Post-Processing,film;grain;retro,Non-commercial; Image URL copied from README (host not fetchable from research sandbox; not fetch-verified)
OutlineFilter,NullTale,Outline post effect.,https://github.com/NullTale/OutlineFilter,github.com,https://github.com/NullTale/OutlineFilter/assets/1497430/ca30a418-585d-40f0-8ccf-cb847d8e5f46,Custom non-commercial,free_restrictive,https://github.com/NullTale/OutlineFilter/blob/master/LICENSE.md,yes,yes,unknown,,Outline,outline;post-processing,Non-commercial; Image URL copied from README (host not fetchable from research sandbox; not fetch-verified)
Black Hole Shader,mert-dev-acc,Gravitational-lens black hole in Shader Graph.,https://github.com/mert-dev-acc/BlackHoleShader,github.com,https://raw.githubusercontent.com/mert-dev-acc/BlackHoleShader/master/docs/BlackHole.gif,,unclear,https://github.com/mert-dev-acc/BlackHoleShader,yes,yes,yes,,Stylized Material,black-hole;distortion;shader-graph,Needs Opaque Texture; No LICENSE file found in repo root
Thermal Vision,mert-dev-acc,Thermal-vision post processing with replacement shaders.,https://github.com/mert-dev-acc/ThermalVisionPostProcessingShader,github.com,https://media.giphy.com/media/Piiqorz16CPsIOACuK/giphy.gif,,unclear,https://github.com/mert-dev-acc/ThermalVisionPostProcessingShader,yes,yes,yes,,Post-Processing,thermal;vision;post-processing,Image URL copied from README (host not fetchable from research sandbox; not fetch-verified); No LICENSE file found in repo root
Foliage Wind,happy-turtle,Book of the Dead wind system updated for URP/HDRP Shader Graph.,https://github.com/happy-turtle/foliage-wind,github.com,https://user-images.githubusercontent.com/18415215/135335027-c538e787-7998-4c2f-9016-4d4253e9602c.gif,,unclear,https://github.com/happy-turtle/foliage-wind,yes,yes,unknown,,Foliage,wind;foliage;vegetation,Only works with Book of the Dead assets; derived from Unity demo; Image URL copied from README (host not fetchable from research sandbox; not fetch-verified); No LICENSE file found in repo root
Unity Fur URP,hecomi,Shell fur shader for URP.,https://github.com/hecomi/UnityFurURP,github.com,https://raw.githubusercontent.com/wiki/hecomi/UnityFurURP/Screenshot.gif,,unclear,https://github.com/hecomi/UnityFurURP,yes,yes,unknown,,Fur / Hair,fur;shell,README badge claims MIT but no LICENSE file; No LICENSE file found in repo root
Shader Graph Example Library,Unity Technologies,"Library of 2018-era Shader Graph shaders (snow, hologram, toon ramp, dissolve).",https://github.com/UnityTechnologies/ShaderGraph_ExampleLibrary,github.com,https://i.imgur.com/kASJxN1.png,,unclear,https://github.com/UnityTechnologies/ShaderGraph_ExampleLibrary,yes,unknown,yes,2018.3,Collection,official;snow;hologram;dissolve,Legacy LWRP era; Image URL copied from README (host not fetchable from research sandbox; not fetch-verified); No LICENSE file found in repo root
Snow Trail Shader Graph,SteveImmanuel,Player-deformed snow trail.,https://github.com/SteveImmanuel/unity-snow-shader,github.com,https://i.imgur.com/ayZL1Dw.gif,,unclear,https://github.com/SteveImmanuel/unity-snow-shader,yes,unknown,yes,2020.3,Snow,snow;deformation;trail,Image URL copied from README (host not fetchable from research sandbox; not fetch-verified); No LICENSE file found in repo root
Unity Playground Ocean,techizgit,Gerstner-wave ocean.,https://github.com/techizgit/UnityPlayground,github.com,https://upload-images.jianshu.io/upload_images/16037344-9e9f4abbe25da73f.png,,unclear,https://github.com/techizgit/UnityPlayground,yes,unknown,unknown,,Ocean,ocean;gerstner,Image URL copied from README (host not fetchable from research sandbox; not fetch-verified); No LICENSE file found in repo root
Unity Water Shaders,Parrot222,Simple URP water shader.,https://github.com/Parrot222/Unity-Water-Shaders,github.com,https://raw.githubusercontent.com/Parrot222/Unity-Water-Shaders/main/water-shader.png,,unclear,https://github.com/Parrot222/Unity-Water-Shaders,yes,yes,unknown,2020.3,Water,water,No LICENSE file found in repo root
URP 2.5D Lit Sprite Shader,Jiaquarium,Lit sprite shader for 2.5D.,https://github.com/Jiaquarium/unity-URP-2.5D-lit-shader,github.com,https://raw.githubusercontent.com/Jiaquarium/unity-URP-2.5D-lit-shader/main/Assets/demo_0.jpg,,unclear,https://github.com/Jiaquarium/unity-URP-2.5D-lit-shader,yes,yes,unknown,2020.2,2D Effects,2.5d;sprite;lit,No LICENSE file found in repo root
Distance Dissolve,Bdiebeak,Camera-distance dissolve.,https://github.com/Bdiebeak/Dissolve-With-Camera-Distance-Shader,github.com,https://raw.githubusercontent.com/Bdiebeak/Dissolve-With-Camera-Distance-Shader/master/Distance%20dissolve%20effect%20in%20Unity.gif,,unclear,https://github.com/Bdiebeak/Dissolve-With-Camera-Distance-Shader,yes,unknown,unknown,,Dissolve,dissolve;camera,No LICENSE file found in repo root
Painterly URP,tantaneity,Oil/gouache post process.,https://github.com/tantaneity/painterly-urp,github.com,https://github.com/user-attachments/assets/b1983a7e-27b7-4dae-9105-c635f2dd9606,,unclear,https://github.com/tantaneity/painterly-urp,yes,yes,unknown,Unity 6,Post-Processing,painterly;post-processing,Image URL copied from README (host not fetchable from research sandbox; not fetch-verified); No LICENSE file found in repo root
Toon Outline URP,mozankatip,Outline shader.,https://github.com/mozankatip/ToonOutlineURP,github.com,https://github.com/mozankatip/ToonOutlineURP/assets/47041584/2c2457f9-8767-4c43-8d8e-dc125e91c6de,,unclear,https://github.com/mozankatip/ToonOutlineURP,yes,yes,unknown,,Outline,outline,Image URL copied from README (host not fetchable from research sandbox; not fetch-verified); No LICENSE file found in repo root
Toon Water Effect,AbdullahDotM,Toon water with foam.,https://github.com/AbdullahDotM/Toon-Water-Effect,github.com,https://raw.githubusercontent.com/AbdullahDotM/Toon-Water-Effect/main/Media/Movie_001.gif,,unclear,https://github.com/AbdullahDotM/Toon-Water-Effect,yes,yes,unknown,2021.3,Water,toon;water;foam,No LICENSE file found in repo root
2D Outlines,MirzaBeig,2D outline shader.,https://github.com/MirzaBeig/2D-Outlines,github.com,https://github.com/user-attachments/assets/99fce470-0495-420b-bf05-5455f684363b,,unclear,https://github.com/MirzaBeig/2D-Outlines,yes,yes,unknown,6.2,Outline,outline;2d,Image URL copied from README (host not fetchable from research sandbox; not fetch-verified); No LICENSE file found in repo root
